customer_id,name,email,phone,join_date
1,Amanda Cain,nicolebentley@gmail.com,+1-943-667-2460x066,2024-07-26
2,Mary Martinez,michellele@dominguez.com,810-683-0191,2023-06-28
3,Heather Shannon,robindavis@wallace-avery.biz,(297)300-2806,2024-05-23
4,Jo Jackson PhD,martinanderson@yahoo.com,001-234-750-5845x585,2023-06-11
5,Selena Combs,marvin36@gmail.com,+1-319-837-8801,2023-09-06
6,Lance Parsons,cynthiahernandez@guerrero.net,001-940-872-1126x157,2024-03-15
7,Michelle Ferguson,whitecindy@gmail.com,6314340143,2025-01-27
8,Katherine Bender,davisariel@yahoo.com,1975487486,2023-10-25
9,Sean Marks,qhenry@hughes.com,+1-971-489-4362x3028,2023-07-22
10,John Taylor,michelehendrix@hotmail.com,171-670-7827x27028,2025-01-07
11,Brian Gibson,vgardner@parsons.com,(724)570-3171x92824,2023-09-19
12,Patricia Ramirez,jennifergalvan@roberts-stokes.net,139-253-0124x66531,2024-02-25
13,Martha Blake,tiffany63@yahoo.com,+1-781-282-9437,2024-06-30
14,Thomas Cruz,bakerpamela@yahoo.com,+1-665-876-5327,2025-06-03
15,Calvin Campbell,wardkelsey@estrada.net,140.236.0400x67768,2025-03-05
16,Rhonda Scott,thomaspham@yahoo.com,757.379.9469x13308,2025-01-11
17,Todd Walls,stevensonrachel@brown.info,(918)324-0413x587,2023-09-11
18,Nicole Bailey,allisonblackwell@hotmail.com,757.657.9442,2024-10-25
19,Austin Dominguez,glennrenee@allen.org,001-043-411-1793x7810,2024-07-13
20,Brian Fields,fcruz@gould.info,778.200.7684x1495,2024-09-13
21,Tracy Johns,jamesnavarro@nelson.net,908.806.4053x306,2024-10-20
22,Jose Parker,campbelljack@yahoo.com,431-816-2594x90162,2024-01-24
23,Kenneth Johnson,randy27@yahoo.com,4016969375,2025-06-10
24,Mary Howard,simoncathy@yahoo.com,(851)421-3669x193,2024-11-25
25,Beth Hayes,spencer99@gmail.com,537-022-4412,2024-08-08
26,Donna Mcguire,jclarke@costa.com,001-049-828-8248,2025-04-18
27,Benjamin Reese,john78@yahoo.com,8903015342,2024-11-07
28,Debbie Smith,allentravis@gmail.com,046-623-3810x013,2024-02-18
29,Nathaniel Lewis,donald99@gmail.com,001-385-498-2711,2024-12-21
30,Megan Moore,shanemartin@yahoo.com,+1-633-713-2722x98467,2024-10-09
31,Kari Mathis,jmarsh@mills-melton.com,(195)356-5751x1717,2024-05-15
32,Justin White,ofowler@jordan-chapman.com,(768)062-9756,2024-03-15
33,Rhonda Adkins,jarmstrong@hotmail.com,(571)671-6148,2023-07-30
34,Charlotte Nelson,robertosanders@medina.com,127.343.9637,2024-07-12
35,William Lopez,laurenclarke@vasquez.net,573.472.0756,2024-10-19
36,Lindsey Velazquez,susanjones@gmail.com,001-514-720-3827x02698,2024-04-04
37,Denise Ferguson,stevendavila@gmail.com,176.198.5120,2024-08-29
38,Jessica Holland,cookkenneth@ramirez.net,001-643-120-0877x7936,2025-04-12
39,Joshua Nicholson,vcarlson@yahoo.com,9100086354,2024-09-29
40,Willie Wu,robert16@west.org,+1-577-885-7541x2576,2023-07-20
41,Sally Golden,natalie02@harris-martin.com,190.177.9923,2024-05-06
42,Brett Sutton,rachelmullen@foster.com,001-230-998-9480x3074,2024-02-12
43,Taylor Mckinney,loriperkins@gmail.com,448.348.6945x821,2023-09-01
44,Jennifer Hudson,jared77@gmail.com,(485)722-9437,2025-04-25
45,Julia Ferguson MD,kellybell@wood.biz,4649244865,2025-05-12
46,Emily Cooke,diane99@yahoo.com,271.554.4635,2025-03-09
47,Mary Jones,ppearson@jensen.com,910.316.1893x9102,2024-01-01
48,William Gutierrez,francisco53@yahoo.com,565-257-9571x2432,2024-09-18
49,Debra Pearson,watkinsamanda@anderson.org,(313)916-2226x82982,2024-01-14
50,Amy Gray,wallacegerald@yahoo.com,+1-641-657-5722x246,2025-05-17
51,Michael Williamson,waderichard@thompson.info,(908)480-7296x70995,2023-07-02
52,Bruce Powell,wayne25@vincent-white.com,076.914.6744x397,2024-07-11
53,Alec Wang,jonesdanielle@brown.org,514-203-9168x954,2024-02-18
54,Joshua Martin,kirsten88@maxwell.com,(700)621-7740,2024-05-12
55,Scott Lindsey,john90@yahoo.com,975.166.9207x594,2025-04-10
56,Debbie Mclaughlin,moorecheryl@hotmail.com,+1-679-320-4778x884,2024-01-11
57,Chad Williams,deanbrandon@yahoo.com,035.001.2226x337,2023-11-16
58,Sarah Anderson,danielle32@smith.com,771.823.2484,2024-08-14
59,Jodi Michael,heidiarcher@wright.net,+1-600-827-1383x3966,2024-04-15
60,Danielle Parks,lray@potter.com,177-271-2302,2023-07-26
61,Regina Wilson,shaynes@reid-bennett.org,(962)667-7489x2712,2024-11-26
62,Daniel Haynes,lori66@gmail.com,+1-924-491-0239,2024-03-21
63,Brett Reid,kenneth59@hotmail.com,479-260-7187,2023-10-21
64,Jonathan Hayes,cindy13@hotmail.com,001-918-248-2123x57893,2024-01-26
65,Marc Gibbs,nfernandez@yahoo.com,036.975.2693x282,2024-05-27
66,Gary Smith,sandrawelch@gibson.com,(015)802-6610,2023-11-08
67,Mr. Manuel Villanueva,crawfordjasmine@braun.com,(740)385-2274x648,2025-01-14
68,Andrew Ramirez,youngveronica@gmail.com,(076)471-1590,2023-12-22
69,Brooke Rodriguez,padams@hotmail.com,409.739.5653x4877,2024-10-01
70,Stephen Douglas,jgutierrez@hotmail.com,+1-967-400-1095x1189,2024-04-05
71,Corey Romero,vickie62@hughes-robinson.com,(154)207-5683,2024-08-29
72,Christopher Franklin,donald59@buchanan.biz,+1-171-688-6288,2023-09-09
73,Teresa Snow,shannon25@aguilar.com,090.822.8194x88992,2025-02-25
74,Benjamin Johnson,michael99@yahoo.com,334-931-3779x9866,2023-10-30
75,Anna Jenkins,carolynrichard@yahoo.com,+1-585-667-0582x7152,2023-10-11
76,Rebekah Hall,dillon23@romero.com,(726)243-8122,2025-04-16
77,Thomas King,andrewcardenas@hotmail.com,001-312-140-9730x25139,2023-10-17
78,Cole Galvan,joshua35@gonzalez.com,441-369-5702x087,2024-03-29
79,Ashley Nelson,petersonelizabeth@gmail.com,232-670-2754x3574,2024-01-24
80,Maria Fitzgerald,stevenburnett@hotmail.com,590-579-9334x1638,2024-02-12
81,Timothy White,hmiller@hines.org,6699520513,2024-09-13
82,James Grant,wadeamanda@smith-burns.com,001-088-208-8957x60217,2024-04-22
83,Stacy Lopez,hjames@hotmail.com,8157208266,2024-03-04
84,Lori Johns,robinevans@dennis-dominguez.com,(674)599-0067x1978,2023-07-15
85,Anthony Ramirez,ymays@wise.com,062.338.8296,2025-02-14
86,Jessica Alexander,andersonmichael@johnson-kim.net,001-753-656-0418x1357,2023-07-17
87,Lisa Mccall,john34@yahoo.com,956.662.4356x4272,2024-03-09
88,Allison Espinoza,michael33@yahoo.com,(335)419-2093x79808,2025-05-31
89,Marilyn James,alan40@hotmail.com,001-565-865-2674x43299,2023-12-14
90,Shawna Fowler,walkerkristina@mccoy.com,0078075508,2024-09-26
91,Gail Morales,dsmith@hall.biz,549.710.5220x053,2025-01-21
92,Michelle Montes,michael47@hotmail.com,(417)370-1153x02870,2024-07-08
93,Mitchell Hernandez,william40@hotmail.com,001-705-198-2681x23934,2024-04-12
94,Spencer Walker,harrisvictoria@yahoo.com,+1-443-318-9870x8937,2024-07-20
95,David Meyer,riverajack@yahoo.com,001-430-734-7454x2043,2024-10-21
96,Shelley Hunter,michaelrice@lyons.org,527-429-2907x183,2025-03-19
97,Sandra Thomas,teresa11@gmail.com,742-347-9416x454,2023-07-29
98,Dr. Lindsey Henry,christopherryan@gmail.com,9696529157,2024-05-20
99,Christopher Osborne,sean65@mcdonald.info,001-309-798-0940x794,2024-01-25
100,Benjamin Graves,cheryldavis@glass.com,597-272-4954x4688,2024-08-14
